name,age,department,education,experience,salary
Kavya,,HR,PhD,30.0,143000.0
Arjun,,Marketing,PhD,11.0,97500.0
Kavya,,Management,Master,,
Dev,,Management,Bachelor,28.0,115000.0
Nikhil,,IT,PhD,,
Diya,,Marketing,Master,,
Sahil,,HR,Master,9.0,70500.0
Pooja,,IT,PhD,,
Aarav,,Finance,Bachelor,,
Diya,46.0,Finance,Master,6.0,67000.0
Kavya,,HR,Bachelor,,
Isha,50.0,Marketing,Bachelor,19.0,82500.0
Nikhil,,IT,Bachelor,,
Isha,,Marketing,PhD,8.0,90000.0
Isha,,IT,Bachelor,20.0,90000.0
Nikhil,,Finance,PhD,16.0,112000.0
Raj,37.0,IT,PhD,17.0,117500.0
Simran,51.0,HR,Bachelor,0.0,33000.0
Kunal,49.0,HR,Bachelor,3.0,40500.0
Pooja,,IT,PhD,24.0,135000.0
Anjali,54.0,Finance,Master,,
Neha,,IT,Master,,
Sneha,27.0,HR,PhD,14.0,103000.0
Kunal,,Finance,Master,,
Raj,,HR,Bachelor,,
Simran,,HR,PhD,16.0,108000.0
Sahil,,Marketing,Master,,
Meera,51.0,Marketing,Bachelor,,
Isha,55.0,Management,PhD,13.0,112500.0
Isha,,Finance,PhD,,
Ritu,,Marketing,PhD,,
Diya,,Finance,PhD,13.0,
Sneha,31.0,HR,Master,,
Vikram,,Management,PhD,,
Dev,,Management,PhD,12.0,110000.0
Raj,,Finance,Bachelor,24.0,97000.0
Meera,,Finance,Bachelor,,
Pooja,,Marketing,PhD,,
Diya,32.0,HR,Master,,
Anjali,29.0,IT,Master,17.0,97500.0
Amit,29.0,Marketing,Master,30.0,125000.0
Dev,48.0,Management,PhD,21.0,
Neha,,Management,PhD,,
Simran,33.0,HR,Master,,
Aarav,,Management,Master,24.0,120000.0
Aarav,46.0,HR,Bachelor,,
Anjali,44.0,HR,Master,,
Neha,38.0,IT,Master,8.0,75000.0
Vikram,26.0,IT,Master,,
Aarav,49.0,Finance,Bachelor,,
Kunal,,Finance,Master,,
Anjali,,IT,Master,,
Meera,34.0,HR,Master,,
Anjali,,Management,PhD,,
Vikram,,IT,Master,19.0,102500.0
Sahil,23.0,Finance,PhD,25.0,134500.0
Aarav,,Management,PhD,,
Vikram,,Marketing,Master,28.0,120000.0
Arjun,,IT,Master,15.0,92500.0
Neha,28.0,Marketing,Master,9.0,72500.0
Dev,,Finance,PhD,30.0,147000.0
Isha,26.0,Management,PhD,30.0,155000.0
Neha,37.0,IT,Master,,
Rohan,38.0,HR,PhD,,
Amit,,Finance,PhD,,
Nikhil,47.0,Finance,Master,14.0,87000.0
Pooja,,HR,PhD,,
Amit,40.0,Management,Master,,
Ritu,36.0,Marketing,PhD,,
Pooja,,Management,Bachelor,22.0,100000.0
Kunal,,Management,Master,,
Aarav,,IT,Master,,
Kavya,28.0,Management,PhD,,
Sahil,,Marketing,Master,16.0,90000.0
Sneha,47.0,IT,PhD,,
Sneha,54.0,Marketing,PhD,2.0,75000.0
Vikram,,HR,Master,,
Sneha,49.0,IT,PhD,26.0,140000.0
Aarav,30.0,Management,Bachelor,,
Nikhil,27.0,HR,PhD,15.0,105500.0
Sahil,,IT,PhD,,
Ritu,43.0,Finance,Master,19.0,99500.0
Raj,50.0,Marketing,PhD,,
Neha,,HR,Master,12.0,78000.0
Diya,,IT,Bachelor,,
Pooja,,Marketing,Master,2.0,55000.0
Raj,49.0,Finance,Master,19.0,99500.0
Amit,40.0,HR,Bachelor,,
Pooja,53.0,Management,PhD,5.0,92500.0
Sneha,,HR,Master,27.0,115500.0
Meera,47.0,IT,Bachelor,23.0,97500.0
Nikhil,49.0,Marketing,Master,,
Neha,,Finance,PhD,,
Aarav,42.0,Finance,Bachelor,,
Sahil,,Finance,PhD,,
Arjun,,Marketing,Bachelor,22.0,90000.0
Amit,,Management,Bachelor,13.0,77500.0
Isha,,HR,Master,14.0,83000.0
Kunal,53.0,Management,Bachelor,23.0,
Aarav,,IT,Bachelor,22.0,95000.0
Arjun,50.0,Management,PhD,3.0,87500.0
Kavya,,IT,PhD,,
Meera,,Finance,Master,21.0,104500.0
Diya,,Finance,Master,16.0,92000.0
Vikram,,Marketing,PhD,30.0,145000.0
Anjali,32.0,HR,PhD,,
Dev,34.0,Marketing,Master,,
Neha,27.0,Finance,Master,,
Pooja,,Finance,Master,4.0,62000.0
Dev,,Finance,PhD,,
Vikram,,Finance,Bachelor,,
Neha,,IT,Bachelor,,
Raj,,IT,PhD,,
Diya,40.0,IT,Master,4.0,65000.0
Vikram,,IT,PhD,,
Pooja,54.0,IT,Master,4.0,65000.0
Aarav,41.0,Management,Bachelor,,
Dev,33.0,Marketing,Master,,
Sneha,,Marketing,Bachelor,17.0,77500.0
Arjun,49.0,IT,PhD,,
Meera,45.0,IT,PhD,8.0,95000.0
Isha,,Management,Master,,
Nikhil,37.0,Management,Master,,
Vikram,51.0,HR,Master,1.0,50500.0
Arjun,45.0,Marketing,PhD,,
Rohan,,Marketing,Master,,
Nikhil,46.0,Finance,Bachelor,,
Kavya,29.0,IT,PhD,,
Dev,48.0,HR,Bachelor,0.0,
Dev,,IT,Master,3.0,62500.0
Raj,40.0,Management,PhD,,
Amit,,Management,Master,,
Vikram,,IT,Bachelor,,
Vikram,29.0,HR,PhD,21.0,120500.0
Raj,33.0,IT,Bachelor,26.0,105000.0
Rohan,,Finance,Bachelor,,
Simran,46.0,Finance,Bachelor,,
Diya,45.0,HR,PhD,,
Sneha,46.0,Management,PhD,,
Aarav,30.0,Finance,Bachelor,,
Meera,23.0,HR,Master,,
Kavya,,HR,PhD,22.0,123000.0
Raj,,Marketing,PhD,,
Raj,29.0,Management,PhD,,
Dev,,HR,Master,10.0,73000.0
Ritu,52.0,Management,Bachelor,15.0,82500.0
Diya,43.0,IT,Bachelor,,
Isha,53.0,Marketing,Bachelor,,
Simran,,Management,Bachelor,30.0,120000.0
Rohan,,Management,Master,18.0,105000.0
Aarav,41.0,Finance,Bachelor,15.0,
Anjali,,Marketing,Master,,
Anjali,,Finance,Master,,
Kunal,41.0,Management,Master,23.0,117500.0
Amit,29.0,Management,Bachelor,,
Pooja,,HR,Master,,
Ritu,,Management,Master,,
Vikram,48.0,Marketing,PhD,11.0,97500.0
Diya,25.0,Management,PhD,,
Kunal,27.0,Management,Bachelor,1.0,47500.0
Raj,50.0,Management,Bachelor,2.0,50000.0
Amit,54.0,IT,Master,,
Pooja,24.0,HR,Bachelor,,
Isha,,HR,PhD,26.0,133000.0
Meera,54.0,Management,PhD,2.0,85000.0
Ritu,28.0,Management,Master,,
Kavya,35.0,HR,Bachelor,24.0,93000.0
Kunal,,IT,PhD,12.0,105000.0
Ritu,26.0,Finance,Bachelor,,
Anjali,51.0,Marketing,PhD,22.0,125000.0
Raj,,Marketing,Master,,
Dev,47.0,Finance,Bachelor,8.0,57000.0
Meera,51.0,Management,Bachelor,,
Dev,48.0,IT,Master,,
Neha,25.0,Management,PhD,,
Isha,,IT,Bachelor,27.0,107500.0
Aarav,31.0,Management,Bachelor,25.0,107500.0
Diya,40.0,IT,PhD,1.0,77500.0
Nikhil,28.0,Finance,Master,11.0,79500.0
Pooja,,IT,PhD,21.0,127500.0
Neha,31.0,Finance,Bachelor,6.0,52000.0
Pooja,,HR,Master,7.0,65500.0
Isha,,Finance,Master,,
Rohan,55.0,IT,Master,28.0,125000.0
Kunal,36.0,HR,PhD,,
Isha,,Management,Bachelor,,
Ritu,,Management,Bachelor,,
Aarav,,Finance,Bachelor,,
Raj,,Finance,PhD,8.0,92000.0
Raj,,IT,Master,27.0,122500.0
Sneha,23.0,HR,PhD,,
Arjun,,HR,Bachelor,,
Raj,,IT,Master,0.0,55000.0
Rohan,,IT,PhD,,
Dev,,Finance,PhD,21.0,124500.0
Dev,,Marketing,Master,,
Dev,52.0,HR,Bachelor,3.0,40500.0
Ritu,,IT,Bachelor,,
Aarav,,Management,Master,22.0,115000.0
Aarav,,Marketing,PhD,19.0,117500.0
Aarav,25.0,HR,Master,17.0,90500.0
Aarav,30.0,Finance,Bachelor,,
Simran,,Management,Bachelor,,
Pooja,,Finance,Bachelor,,
Aarav,51.0,IT,Bachelor,,
Dev,,Marketing,Master,10.0,75000.0
Ritu,,Marketing,Bachelor,2.0,40000.0
Nikhil,25.0,Management,Master,,
Neha,53.0,Management,PhD,,
Kavya,,Management,PhD,,
Rohan,34.0,Marketing,PhD,10.0,95000.0
Meera,47.0,Management,Bachelor,18.0,90000.0
Amit,,Finance,Bachelor,,
Rohan,,IT,PhD,,
Meera,,HR,Master,,
Simran,,Management,Master,15.0,97500.0
Neha,47.0,Management,Master,4.0,70000.0
Isha,,Marketing,Bachelor,12.0,65000.0
Pooja,,Marketing,Bachelor,6.0,50000.0
Arjun,48.0,IT,Master,13.0,87500.0
Kavya,,IT,PhD,13.0,107500.0
Aarav,,IT,Master,27.0,122500.0
Neha,,HR,Master,,
Anjali,50.0,Finance,PhD,,
Arjun,,Management,Bachelor,,
Arjun,,HR,PhD,9.0,90500.0
Kavya,,Marketing,Bachelor,,
Vikram,26.0,Marketing,Master,,
Sahil,,HR,PhD,7.0,85500.0
Dev,29.0,Finance,Bachelor,11.0,64500.0
Sahil,52.0,Management,Bachelor,,
Raj,,Marketing,PhD,19.0,117500.0
Aarav,,IT,Master,,
Rohan,24.0,IT,Master,29.0,127500.0
Nikhil,,IT,PhD,,
Dev,30.0,HR,PhD,16.0,108000.0
Kavya,52.0,Marketing,Master,17.0,92500.0
Arjun,,IT,Master,,
Neha,25.0,HR,PhD,,
Ritu,,Finance,Master,,
Meera,38.0,Finance,Bachelor,28.0,
Pooja,32.0,Marketing,PhD,13.0,102500.0
Amit,,HR,PhD,,
Nikhil,38.0,Marketing,Master,25.0,112500.0
Vikram,,Marketing,Master,,
Meera,,Management,Master,,
Amit,,Marketing,PhD,7.0,87500.0
Aarav,25.0,IT,PhD,,
Arjun,,Finance,Master,4.0,62000.0
Rohan,31.0,Marketing,Bachelor,8.0,55000.0
Sneha,,Management,PhD,12.0,110000.0
Meera,33.0,HR,Master,,
Sahil,,HR,PhD,27.0,
Ritu,,HR,Bachelor,15.0,70500.0
Diya,50.0,HR,Bachelor,24.0,93000.0
Nikhil,52.0,Finance,Bachelor,14.0,72000.0
Diya,,Finance,Bachelor,26.0,102000.0
Meera,41.0,Finance,PhD,,
Aarav,53.0,HR,Bachelor,,
Kavya,43.0,Management,Master,29.0,132500.0
Aarav,32.0,IT,Bachelor,,
Sahil,,HR,Bachelor,9.0,55500.0
Amit,,Management,Bachelor,,
Simran,,HR,PhD,10.0,93000.0
Meera,,Management,Bachelor,23.0,102500.0
Dev,,HR,PhD,24.0,128000.0
Sneha,,Finance,Bachelor,23.0,94500.0
Arjun,,IT,Bachelor,7.0,57500.0
Anjali,,Marketing,Master,,
Dev,48.0,IT,Master,,
Pooja,,IT,Bachelor,,
Arjun,40.0,IT,PhD,,
Isha,,Management,Master,3.0,67500.0
Simran,,IT,Master,5.0,67500.0
Rohan,46.0,Finance,Master,,
Ritu,,Management,Bachelor,19.0,92500.0
Pooja,,IT,Bachelor,,
Amit,,HR,PhD,30.0,143000.0
Pooja,,Management,PhD,2.0,85000.0
Kavya,38.0,HR,Master,,
Raj,26.0,HR,Master,9.0,70500.0
Arjun,,Marketing,Master,27.0,117500.0
Amit,44.0,Management,PhD,5.0,92500.0
Pooja,,HR,PhD,,
Kavya,,Management,Bachelor,17.0,87500.0
Neha,,Finance,PhD,,
Anjali,,Management,PhD,30.0,155000.0
Isha,45.0,IT,Bachelor,,
Sahil,,HR,Master,19.0,95500.0
Diya,,Marketing,Bachelor,22.0,90000.0
Anjali,52.0,HR,Bachelor,,
Isha,,Marketing,Bachelor,,
Ritu,,Management,Bachelor,14.0,80000.0
Dev,48.0,Management,Bachelor,,
Ritu,41.0,HR,Master,19.0,95500.0
Amit,,IT,Master,,
Kunal,51.0,HR,Master,,
Kavya,,IT,Master,,
Arjun,50.0,IT,PhD,28.0,145000.0
Neha,,IT,Master,20.0,105000.0
Pooja,28.0,Management,Master,,
Raj,31.0,Management,Bachelor,,
Meera,38.0,Marketing,Bachelor,12.0,65000.0
Dev,24.0,Finance,Master,,
Meera,22.0,Finance,Master,,
Isha,,Management,Master,,
Dev,,Management,PhD,,
Amit,,Finance,PhD,4.0,82000.0
Raj,38.0,Marketing,Bachelor,26.0,100000.0
Dev,,Finance,Bachelor,,
Rohan,50.0,Finance,Master,,
Simran,,Marketing,Bachelor,,
Pooja,,IT,Master,,
Kunal,,Finance,Master,,
Pooja,,IT,Master,,
Nikhil,28.0,IT,Bachelor,11.0,
Nikhil,,Management,Master,23.0,117500.0
Anjali,37.0,Marketing,PhD,,
Dev,27.0,HR,Master,4.0,58000.0
Rohan,28.0,HR,Master,,
Kunal,,Management,PhD,0.0,80000.0
Arjun,47.0,Finance,PhD,,
Aarav,,Management,Master,5.0,72500.0
Kunal,,Marketing,Master,19.0,97500.0
Raj,,Finance,PhD,8.0,92000.0
Sahil,,HR,Master,17.0,90500.0
Sahil,,Finance,Master,13.0,84500.0
Sahil,,Management,Bachelor,24.0,105000.0
Raj,37.0,Finance,PhD,,
Isha,,Finance,Master,,
Aarav,,IT,Bachelor,,
Dev,51.0,IT,Master,,
Amit,,Marketing,PhD,29.0,142500.0
Nikhil,40.0,Marketing,Bachelor,,
Anjali,22.0,IT,Bachelor,28.0,110000.0
Sneha,35.0,Marketing,PhD,11.0,97500.0
Meera,,Marketing,Master,23.0,107500.0
Meera,,Finance,Master,23.0,109500.0
Ritu,27.0,HR,Bachelor,2.0,38000.0
Arjun,,Marketing,PhD,21.0,122500.0
Neha,,Finance,PhD,,
Vikram,,HR,PhD,,
Isha,54.0,IT,Master,,
Nikhil,,IT,Master,25.0,117500.0
Neha,,Marketing,Bachelor,4.0,45000.0
Raj,,Management,Master,,
Sahil,,Marketing,Master,,
Raj,22.0,HR,Master,,
Isha,30.0,HR,Master,,
Nikhil,48.0,Finance,Bachelor,14.0,72000.0
Pooja,,HR,PhD,,
Pooja,,Finance,PhD,8.0,92000.0
Dev,31.0,Management,Master,,
Kavya,25.0,Marketing,Bachelor,3.0,42500.0
Rohan,,HR,PhD,,
Ritu,44.0,HR,Master,,
Sneha,32.0,Marketing,PhD,4.0,80000.0
Kavya,,Management,PhD,20.0,130000.0
Vikram,41.0,IT,PhD,28.0,145000.0
Raj,,HR,Master,26.0,113000.0
Kunal,43.0,IT,Master,,
Arjun,53.0,Management,Master,15.0,
Isha,41.0,IT,PhD,10.0,100000.0
Nikhil,23.0,Management,Bachelor,4.0,55000.0
Dev,,HR,PhD,15.0,105500.0
Sneha,25.0,Marketing,Bachelor,19.0,82500.0
Sneha,,HR,Master,3.0,55500.0
Anjali,,Marketing,Master,20.0,100000.0
Aarav,,Marketing,PhD,,
Sneha,,Marketing,PhD,,
Ritu,55.0,Finance,Master,8.0,72000.0
Diya,28.0,HR,Bachelor,22.0,88000.0
Amit,39.0,Management,PhD,,
Rohan,,IT,Bachelor,17.0,82500.0
Nikhil,,HR,Master,,
Ritu,37.0,HR,Master,,
Pooja,,HR,PhD,0.0,
Dev,35.0,Marketing,Bachelor,28.0,105000.0
Diya,49.0,Finance,Master,22.0,107000.0
Sneha,,Management,Bachelor,11.0,72500.0
Isha,52.0,HR,Master,16.0,88000.0
Dev,,IT,Master,16.0,95000.0
Ritu,,Marketing,PhD,,
Amit,39.0,Marketing,PhD,7.0,87500.0
Nikhil,53.0,Finance,Master,17.0,94500.0
Kavya,52.0,IT,PhD,16.0,115000.0
Pooja,,Finance,PhD,,
Sahil,41.0,Finance,Bachelor,,
Nikhil,,IT,PhD,,
Arjun,,Management,Master,,
Arjun,31.0,IT,PhD,,
Nikhil,,Marketing,PhD,,
Arjun,,Management,Master,,
Raj,,HR,Bachelor,,
Diya,31.0,IT,Master,,
Diya,,Management,Bachelor,,
Dev,55.0,Finance,Bachelor,,
Rohan,,HR,PhD,,
Aarav,52.0,IT,Bachelor,19.0,87500.0
Dev,,Management,Bachelor,1.0,47500.0
Aarav,30.0,Finance,PhD,,
Ritu,30.0,Marketing,Bachelor,,
Aarav,44.0,Management,Bachelor,,
Anjali,,Finance,PhD,,
Amit,44.0,Finance,Master,2.0,57000.0
Aarav,39.0,HR,PhD,,
Diya,31.0,Finance,Master,21.0,
Diya,,Management,Master,,
Raj,,HR,PhD,,
Pooja,,Management,PhD,,
Raj,,Marketing,PhD,,
Sneha,,Management,Bachelor,8.0,65000.0
Anjali,,HR,Bachelor,,
Nikhil,53.0,HR,Bachelor,,
Simran,,Marketing,Master,24.0,
Isha,31.0,Marketing,Bachelor,,
Simran,,Marketing,Master,,
Raj,29.0,HR,Master,,
Raj,,IT,PhD,15.0,
Meera,,Marketing,PhD,10.0,95000.0
Isha,,Finance,Master,0.0,52000.0
Pooja,,IT,Bachelor,,
Kunal,,Management,Bachelor,,
Rohan,30.0,Marketing,PhD,19.0,117500.0
Arjun,41.0,HR,PhD,7.0,85500.0
Ritu,54.0,IT,Master,15.0,92500.0
Sneha,,IT,Bachelor,18.0,85000.0
Vikram,,Finance,Master,18.0,97000.0
Isha,36.0,IT,Bachelor,,
Raj,24.0,Finance,Master,,
Kunal,,Finance,Master,,
Neha,,IT,PhD,,
Neha,,Management,Bachelor,22.0,100000.0
Dev,,HR,Bachelor,11.0,60500.0
Sneha,50.0,HR,Master,13.0,80500.0
Ritu,25.0,IT,Bachelor,,
Arjun,,Marketing,Master,,
Sneha,,HR,Bachelor,17.0,75500.0
Ritu,,IT,Bachelor,4.0,50000.0
Pooja,42.0,Management,Master,,
Sahil,35.0,IT,Bachelor,16.0,80000.0
Sneha,47.0,Management,PhD,19.0,127500.0
Dev,28.0,Management,PhD,20.0,130000.0
Arjun,28.0,IT,Master,,
Isha,,HR,PhD,,
Meera,27.0,Marketing,PhD,,
Vikram,,Management,PhD,21.0,132500.0
Anjali,43.0,Marketing,Bachelor,,
Simran,55.0,Finance,Bachelor,,
Kavya,46.0,Finance,PhD,,
Simran,34.0,Management,PhD,0.0,80000.0
Aarav,,IT,Bachelor,,
Kunal,,Management,PhD,3.0,87500.0
Rohan,51.0,IT,Master,14.0,90000.0
Raj,,Marketing,Bachelor,20.0,85000.0
Diya,36.0,Marketing,Master,15.0,87500.0
Anjali,,Finance,Bachelor,21.0,89500.0
Ritu,49.0,IT,Master,,
Isha,,IT,Bachelor,,
Vikram,45.0,HR,Master,1.0,50500.0
Arjun,33.0,HR,Master,0.0,48000.0
Diya,49.0,HR,Bachelor,,
Anjali,31.0,IT,Bachelor,,
Sneha,51.0,Finance,Bachelor,29.0,
Diya,46.0,Management,PhD,,
Pooja,,Finance,Bachelor,,
Vikram,44.0,HR,Bachelor,19.0,80500.0
Simran,,Management,Master,9.0,82500.0
Raj,,HR,Bachelor,,
Arjun,42.0,Management,Bachelor,21.0,97500.0
Pooja,30.0,Management,Bachelor,12.0,75000.0
Arjun,31.0,Management,Master,15.0,97500.0
Aarav,40.0,IT,Bachelor,,
Nikhil,,HR,Bachelor,,
Vikram,,Marketing,Master,,
Anjali,39.0,Management,Bachelor,1.0,47500.0
Sneha,,Finance,Master,,
Diya,34.0,Finance,Bachelor,,
Rohan,47.0,IT,PhD,,
Diya,,Finance,PhD,,
Raj,55.0,IT,Master,,
Kunal,,HR,Bachelor,,
Sneha,35.0,Management,Bachelor,6.0,60000.0
Diya,,Management,Master,,
Rohan,,Finance,PhD,,
Amit,24.0,Marketing,Bachelor,,
Meera,42.0,IT,Bachelor,3.0,47500.0
Aarav,,Marketing,Master,3.0,57500.0
Amit,52.0,Management,PhD,26.0,145000.0
Raj,,HR,Bachelor,21.0,85500.0
Anjali,,HR,Master,28.0,118000.0
Vikram,,Marketing,Bachelor,9.0,57500.0
Kavya,,Management,Bachelor,,
Pooja,,HR,PhD,,
Simran,,Finance,Master,,
Isha,26.0,IT,Bachelor,,
Sahil,,Management,Bachelor,,
Vikram,41.0,HR,Bachelor,,
Meera,55.0,IT,Master,15.0,92500.0
Pooja,,Finance,Master,,
Amit,46.0,HR,PhD,14.0,103000.0
Neha,22.0,Finance,PhD,,
Meera,,IT,Bachelor,12.0,70000.0
Vikram,,Marketing,Bachelor,15.0,72500.0
Sneha,,Finance,PhD,,
Ritu,,Marketing,Master,,
Raj,24.0,IT,PhD,,
Sahil,30.0,Management,Master,,
Neha,,IT,Master,30.0,130000.0
Isha,,Finance,PhD,,
Amit,,IT,Master,,
Neha,31.0,HR,PhD,2.0,73000.0
Simran,29.0,IT,PhD,,
Meera,,Management,Bachelor,29.0,117500.0
Kunal,,IT,PhD,,
Nikhil,,Management,PhD,,
Neha,52.0,IT,Master,,
Kavya,,Management,Master,29.0,132500.0
Anjali,43.0,IT,PhD,16.0,115000.0
Pooja,,Management,Bachelor,,
Rohan,,IT,Bachelor,,
Amit,50.0,Finance,PhD,9.0,94500.0
Dev,46.0,Finance,PhD,13.0,104500.0
Kavya,,Marketing,PhD,0.0,70000.0
Nikhil,,Finance,Master,,
Nikhil,,Finance,Master,20.0,102000.0
Meera,23.0,Marketing,Master,,
Sahil,,HR,Master,,
Dev,41.0,Marketing,PhD,,
Anjali,36.0,IT,PhD,,
Ritu,,Marketing,Master,28.0,120000.0
Aarav,,Marketing,Master,,
Neha,43.0,Management,PhD,0.0,80000.0
Simran,41.0,Management,Master,1.0,
Anjali,52.0,Marketing,Master,9.0,72500.0
Diya,41.0,IT,PhD,,
Kavya,26.0,Management,Master,12.0,90000.0
Dev,,IT,Master,29.0,127500.0
Nikhil,24.0,HR,PhD,,
Sneha,27.0,Finance,PhD,,
Raj,,Finance,PhD,2.0,77000.0
Ritu,42.0,Marketing,PhD,29.0,142500.0
Amit,,Management,Bachelor,,
Neha,,HR,Bachelor,11.0,60500.0
Anjali,,IT,Master,,
Anjali,,HR,PhD,,
Dev,51.0,IT,PhD,6.0,90000.0
Ritu,25.0,Finance,Bachelor,6.0,52000.0
Dev,50.0,IT,Bachelor,18.0,85000.0
Meera,45.0,Marketing,Bachelor,22.0,90000.0
Neha,46.0,Finance,Bachelor,0.0,37000.0
Amit,23.0,IT,Master,30.0,130000.0
Nikhil,,HR,Master,6.0,63000.0
Neha,26.0,Marketing,PhD,,
Vikram,55.0,Management,PhD,1.0,82500.0
Neha,41.0,Management,Bachelor,3.0,52500.0
Kavya,35.0,HR,Master,,
Simran,47.0,Finance,Bachelor,19.0,84500.0
Vikram,31.0,Management,Master,,
Sahil,,IT,Master,,
Neha,53.0,Management,Master,,
Raj,,IT,Bachelor,2.0,45000.0
Kavya,45.0,HR,Bachelor,14.0,68000.0
Amit,38.0,Marketing,Master,5.0,62500.0
Kunal,46.0,HR,Master,,
Arjun,,Management,PhD,16.0,120000.0
Aarav,,Management,PhD,25.0,142500.0
Rohan,22.0,Finance,Master,29.0,124500.0
Raj,28.0,HR,Bachelor,,
Simran,43.0,HR,Bachelor,,
Dev,,Finance,PhD,,
Aarav,31.0,Marketing,PhD,15.0,107500.0
Isha,42.0,Finance,Bachelor,3.0,44500.0
Meera,,Marketing,Master,28.0,120000.0
Dev,44.0,Marketing,Master,5.0,62500.0
Kavya,,Marketing,Bachelor,7.0,52500.0
Anjali,,IT,Bachelor,,
Pooja,44.0,IT,Master,6.0,70000.0
Diya,36.0,IT,Bachelor,,
Sahil,40.0,Management,Master,18.0,
Vikram,,Finance,PhD,,
Raj,,HR,Bachelor,3.0,40500.0
Isha,,IT,Bachelor,9.0,62500.0
Aarav,,HR,Master,23.0,105500.0
Vikram,41.0,Finance,Bachelor,,
Simran,,Marketing,PhD,,
Kavya,39.0,Management,Bachelor,24.0,105000.0
Sneha,50.0,Management,PhD,,
Aarav,,Management,Master,,
Amit,,Finance,PhD,12.0,102000.0
Kavya,,Marketing,PhD,,
Nikhil,,Finance,Bachelor,19.0,
Meera,,IT,Bachelor,,
Aarav,48.0,Management,Master,,
Kunal,,Finance,Master,,
Anjali,,IT,PhD,,
Sneha,46.0,IT,Bachelor,9.0,
Nikhil,,Marketing,Master,3.0,57500.0
Sneha,23.0,HR,Bachelor,26.0,98000.0
Diya,,Management,Bachelor,3.0,52500.0
Isha,39.0,Finance,PhD,,
Aarav,47.0,Finance,Bachelor,13.0,69500.0
Vikram,,IT,Master,4.0,65000.0
Nikhil,31.0,Marketing,Bachelor,,
Rohan,54.0,Management,Master,,
Simran,55.0,Marketing,Bachelor,8.0,55000.0
Dev,53.0,Finance,Master,16.0,92000.0
Raj,52.0,IT,PhD,5.0,87500.0
Pooja,,Finance,Bachelor,4.0,47000.0
Isha,29.0,Marketing,Master,12.0,80000.0
Nikhil,46.0,Marketing,Master,18.0,95000.0
Sahil,37.0,Finance,Bachelor,,
Isha,26.0,Management,Master,18.0,105000.0
Aarav,,IT,Bachelor,21.0,92500.0
Isha,,HR,PhD,22.0,123000.0
Neha,55.0,Management,PhD,19.0,127500.0
Sahil,,HR,Master,16.0,88000.0
Neha,,Management,PhD,,
Raj,46.0,Management,Bachelor,,
Anjali,29.0,Marketing,Bachelor,,
Amit,39.0,Marketing,Master,,
Raj,52.0,Marketing,Bachelor,,
Aarav,42.0,Management,Master,11.0,87500.0
Sahil,,Management,Master,18.0,105000.0
Kunal,,IT,Bachelor,4.0,50000.0
Nikhil,31.0,HR,Master,,
Kunal,35.0,IT,PhD,30.0,150000.0
Arjun,,Finance,Bachelor,20.0,87000.0
Kunal,43.0,Management,PhD,17.0,
Neha,,Finance,PhD,23.0,129500.0
Isha,24.0,Finance,Bachelor,14.0,72000.0
Sneha,,Management,Bachelor,,
Nikhil,,Finance,Master,,
Simran,,HR,Bachelor,,
Sneha,52.0,Finance,Bachelor,6.0,
Neha,,Management,PhD,,
Anjali,,Marketing,PhD,29.0,142500.0
Dev,43.0,IT,Master,,
Vikram,48.0,HR,PhD,,
Rohan,,IT,Bachelor,,
Vikram,32.0,IT,Master,23.0,112500.0
Dev,,HR,PhD,18.0,113000.0
Neha,49.0,Marketing,Bachelor,,
Rohan,34.0,Management,PhD,5.0,92500.0
Dev,42.0,Management,Master,20.0,110000.0
Kavya,35.0,IT,Bachelor,25.0,102500.0
Arjun,,Marketing,PhD,25.0,132500.0
Kunal,27.0,IT,Bachelor,2.0,45000.0
Anjali,,HR,PhD,,
Raj,,Finance,Master,3.0,59500.0
Raj,,HR,PhD,12.0,98000.0
Kavya,,Finance,PhD,26.0,137000.0
Neha,41.0,Marketing,PhD,2.0,75000.0
Ritu,,IT,Bachelor,12.0,70000.0
Amit,,Finance,PhD,1.0,74500.0
Aarav,,IT,Bachelor,,
Rohan,26.0,HR,Master,26.0,113000.0
Dev,26.0,Management,PhD,13.0,112500.0
Rohan,44.0,Finance,Bachelor,4.0,47000.0
Diya,,Finance,Bachelor,30.0,112000.0
Sahil,43.0,Marketing,PhD,,
Kavya,31.0,Marketing,Bachelor,12.0,65000.0
Ritu,,IT,Master,,
Arjun,27.0,HR,PhD,,
Rohan,,HR,PhD,,
Kunal,,Management,PhD,,
Sahil,44.0,Finance,Bachelor,,
Rohan,33.0,Finance,PhD,22.0,127000.0
Sneha,,Management,Bachelor,,
Aarav,,Management,Master,,
Neha,,Management,PhD,5.0,92500.0
Arjun,,HR,Master,11.0,75500.0
Neha,,HR,Bachelor,,
Sneha,,HR,PhD,,
Kavya,,HR,Bachelor,8.0,53000.0
Meera,23.0,HR,Master,,
Ritu,26.0,Marketing,Bachelor,,
Anjali,26.0,Finance,Master,12.0,82000.0
Aarav,52.0,Management,Bachelor,,
Pooja,53.0,Management,Bachelor,,
Kavya,,Management,Bachelor,,
Sahil,30.0,Finance,PhD,,
Neha,43.0,HR,PhD,24.0,128000.0
Sneha,28.0,Management,Bachelor,,
Nikhil,,HR,Master,,
Vikram,48.0,HR,Bachelor,,
Amit,,Marketing,Master,,
Pooja,,Finance,Master,9.0,74500.0
Pooja,,IT,Bachelor,11.0,67500.0
Simran,31.0,Marketing,Master,,
Aarav,,IT,Master,7.0,72500.0
Neha,,Marketing,Master,,
Aarav,,Finance,Bachelor,,
Dev,43.0,Management,Master,,
Aarav,28.0,IT,PhD,,
Aarav,,HR,Master,1.0,50500.0
Neha,37.0,Management,PhD,0.0,80000.0
Nikhil,,Finance,PhD,15.0,109500.0
Aarav,,IT,Bachelor,,
Rohan,30.0,Management,Master,,
Amit,,HR,Master,13.0,80500.0
Nikhil,,Finance,Master,26.0,117000.0
Neha,39.0,Finance,Master,0.0,
Nikhil,,HR,Bachelor,18.0,78000.0
Vikram,39.0,HR,PhD,15.0,105500.0
Rohan,42.0,Finance,PhD,9.0,94500.0
Kavya,55.0,HR,Bachelor,,
Diya,,IT,Bachelor,14.0,75000.0
Diya,50.0,HR,Master,,
Ritu,23.0,IT,PhD,,
Neha,44.0,IT,PhD,17.0,117500.0
Amit,,HR,Master,,
Rohan,36.0,HR,Bachelor,,
Nikhil,,IT,Bachelor,,
Pooja,29.0,IT,Bachelor,,
Vikram,48.0,IT,PhD,15.0,112500.0
Amit,,Management,Bachelor,8.0,65000.0
Amit,43.0,Marketing,Master,19.0,
Nikhil,52.0,Marketing,PhD,2.0,
Dev,,HR,Bachelor,27.0,100500.0
Sahil,,Finance,Master,,
Amit,54.0,Finance,PhD,,
Dev,30.0,Management,PhD,,
Aarav,39.0,Management,Bachelor,19.0,92500.0
Raj,54.0,Finance,Master,4.0,62000.0
Kunal,,Marketing,PhD,28.0,140000.0
Kunal,,IT,PhD,19.0,122500.0
Sneha,,Management,Bachelor,4.0,55000.0
Arjun,,Finance,Bachelor,26.0,102000.0
Ritu,49.0,Finance,Master,26.0,117000.0
Ritu,,IT,PhD,,
Arjun,46.0,Finance,Master,15.0,89500.0
Raj,32.0,Marketing,PhD,19.0,117500.0
Meera,33.0,HR,PhD,,
Raj,,IT,Bachelor,,
Sahil,35.0,Management,PhD,1.0,82500.0
Kavya,,Marketing,Bachelor,,
Amit,35.0,Management,Bachelor,30.0,120000.0
Meera,55.0,IT,Bachelor,7.0,57500.0
Nikhil,,Marketing,PhD,14.0,105000.0
Raj,23.0,Finance,PhD,30.0,
Arjun,,IT,Master,,
Meera,43.0,IT,PhD,23.0,132500.0
Sahil,33.0,Management,PhD,1.0,82500.0
Meera,,HR,Bachelor,,
Neha,,HR,Bachelor,,
Kavya,23.0,Management,Bachelor,19.0,92500.0
Kavya,52.0,HR,Master,6.0,63000.0
Neha,39.0,IT,Master,,
Neha,,Finance,PhD,7.0,89500.0
Arjun,,HR,PhD,28.0,138000.0
Meera,,Finance,Bachelor,30.0,112000.0
Simran,,Finance,PhD,19.0,119500.0
Meera,,Marketing,PhD,22.0,125000.0
Rohan,52.0,Finance,PhD,,
Meera,,Finance,Bachelor,,
Pooja,,Marketing,PhD,2.0,75000.0
Simran,,IT,Bachelor,,
Nikhil,33.0,Management,Bachelor,,
Vikram,,Management,Bachelor,14.0,80000.0
Simran,,HR,Master,16.0,88000.0
Amit,50.0,HR,Master,8.0,68000.0
Isha,,HR,Master,,
Nikhil,,Finance,Bachelor,,
Sneha,36.0,Finance,Bachelor,29.0,109500.0
Kavya,43.0,Marketing,PhD,26.0,135000.0
Rohan,27.0,Marketing,PhD,,
Anjali,54.0,IT,Master,,
Kavya,23.0,IT,Bachelor,,
Rohan,,IT,Bachelor,13.0,72500.0
Diya,,IT,PhD,,
Simran,,Finance,PhD,,
Rohan,,Marketing,PhD,28.0,
Nikhil,34.0,IT,Bachelor,,
Neha,49.0,IT,Bachelor,9.0,62500.0
Kunal,,Marketing,Bachelor,29.0,107500.0
Raj,45.0,Management,PhD,,
Sneha,,Management,PhD,,
Ritu,,Finance,Master,8.0,72000.0
Simran,,Management,Master,,
Arjun,42.0,IT,PhD,22.0,130000.0
Kunal,,HR,PhD,,
Ritu,55.0,Finance,Master,6.0,67000.0
Pooja,,IT,PhD,7.0,92500.0
Kunal,,Finance,Master,5.0,64500.0
Amit,,HR,Bachelor,,
Raj,46.0,Finance,Master,,
Raj,,Marketing,PhD,,
Raj,,Management,Master,15.0,97500.0
Anjali,,IT,PhD,,
Dev,,HR,Bachelor,,
Raj,,Finance,PhD,8.0,
Meera,,HR,Master,6.0,63000.0
Anjali,,Management,Master,1.0,62500.0
Nikhil,45.0,Marketing,PhD,,
Ritu,52.0,IT,Master,1.0,57500.0
Nikhil,43.0,Finance,Master,,
Nikhil,29.0,HR,Master,,
Simran,44.0,Marketing,Bachelor,24.0,95000.0
Pooja,,Marketing,Bachelor,,
Rohan,53.0,Marketing,PhD,,
Isha,,IT,Master,17.0,97500.0
Amit,32.0,Marketing,PhD,0.0,70000.0
Rohan,,Marketing,Master,,
Aarav,,Marketing,Master,0.0,50000.0
Aarav,,Marketing,Master,,
Neha,53.0,IT,Master,,
Sahil,27.0,Marketing,Master,26.0,115000.0
Anjali,54.0,Marketing,Bachelor,13.0,67500.0
Neha,,Management,PhD,8.0,100000.0
Anjali,,HR,PhD,,
Anjali,50.0,Marketing,PhD,6.0,85000.0
Simran,43.0,HR,Bachelor,30.0,108000.0
Pooja,,Marketing,Bachelor,6.0,50000.0
Vikram,53.0,IT,Master,20.0,105000.0
Rohan,,Marketing,Master,,
Pooja,,Finance,Bachelor,18.0,82000.0
Ritu,23.0,Finance,Master,2.0,57000.0
Isha,,Marketing,Bachelor,,
Anjali,38.0,HR,Bachelor,,
Neha,25.0,Marketing,Bachelor,,
Simran,,HR,Master,,
Kunal,34.0,Marketing,Master,1.0,52500.0
Arjun,31.0,HR,Master,,
Vikram,,Management,PhD,25.0,142500.0
Kunal,,Marketing,Bachelor,,
Anjali,23.0,HR,Master,1.0,50500.0
Nikhil,,HR,Master,,
Vikram,,Marketing,PhD,,
Isha,,Management,PhD,,
Dev,,HR,PhD,,
Meera,,IT,Bachelor,9.0,62500.0
Sneha,,IT,Bachelor,14.0,75000.0
Simran,46.0,Marketing,Bachelor,,
Kavya,,Finance,PhD,2.0,77000.0
Sahil,44.0,HR,Master,,
Kunal,,Management,Master,,
Isha,50.0,Marketing,Bachelor,,
Kunal,,Marketing,Bachelor,,
Sneha,39.0,IT,Master,,
Isha,30.0,HR,Master,13.0,80500.0
Sahil,25.0,IT,Bachelor,,
Kavya,47.0,IT,Master,,
Meera,,Marketing,Master,8.0,70000.0
Arjun,,Marketing,Bachelor,8.0,55000.0
Kavya,47.0,Marketing,Master,,
Kavya,53.0,Marketing,Master,,
Arjun,,Management,Bachelor,21.0,97500.0
Kunal,,IT,PhD,,
Raj,,HR,PhD,9.0,90500.0
Dev,,IT,Master,,
Neha,,IT,Bachelor,,
Arjun,47.0,IT,Bachelor,,
Sahil,34.0,Marketing,PhD,11.0,97500.0
Amit,,Management,PhD,27.0,147500.0
Aarav,49.0,Finance,Bachelor,,
Sahil,,Finance,PhD,,
Arjun,34.0,Finance,Bachelor,,
Meera,55.0,IT,PhD,14.0,110000.0
Ritu,,IT,PhD,23.0,132500.0
Simran,,Finance,Bachelor,,
Kunal,,HR,Bachelor,29.0,105500.0
Sneha,,HR,Master,,
Anjali,28.0,Marketing,PhD,,
Diya,44.0,HR,Bachelor,,
Simran,,IT,Bachelor,,
Simran,39.0,IT,PhD,8.0,95000.0
Nikhil,,Finance,Bachelor,,
Neha,,Marketing,Master,,
Aarav,47.0,Marketing,Master,,
Simran,51.0,HR,Master,11.0,75500.0
Diya,,Finance,Master,,
Ritu,39.0,Marketing,Master,6.0,65000.0
Meera,,Marketing,PhD,,
Ritu,24.0,Finance,Master,9.0,74500.0
Amit,,Marketing,Master,,
Nikhil,22.0,Finance,Master,9.0,74500.0
Aarav,27.0,HR,Bachelor,11.0,60500.0
Raj,,IT,PhD,,
Isha,,IT,Master,9.0,77500.0
Sahil,,IT,Master,14.0,90000.0
Amit,27.0,Marketing,Bachelor,,
Raj,,HR,PhD,,
Kunal,28.0,HR,Master,,
Diya,53.0,HR,Master,,
Neha,,IT,Master,0.0,55000.0
Aarav,25.0,Management,Master,,
Nikhil,,IT,Master,,
Vikram,54.0,IT,Bachelor,,
Nikhil,55.0,IT,Master,,
Simran,,HR,Bachelor,4.0,43000.0
Nikhil,22.0,Marketing,PhD,12.0,100000.0
Pooja,39.0,Management,PhD,,
Sahil,43.0,Marketing,PhD,,
Rohan,31.0,Finance,PhD,2.0,77000.0
Amit,30.0,HR,PhD,,
Aarav,,Finance,Bachelor,30.0,112000.0
Raj,38.0,HR,Master,,
Sneha,40.0,Finance,PhD,20.0,122000.0
Vikram,,Management,Bachelor,25.0,107500.0
Anjali,,HR,PhD,30.0,143000.0
Ritu,44.0,Management,PhD,0.0,80000.0
Raj,53.0,Management,Master,17.0,102500.0
Dev,38.0,IT,Master,,
Rohan,,Finance,PhD,,
Amit,,Finance,Master,,
Dev,47.0,Finance,Master,,
Dev,50.0,Finance,Master,,
Amit,,Marketing,Bachelor,,
Sahil,,Marketing,PhD,,
Dev,,IT,Master,,
Diya,37.0,Management,Master,,
Dev,44.0,Management,Bachelor,,
Diya,54.0,HR,PhD,,
Sneha,44.0,HR,Bachelor,,
Aarav,31.0,HR,Bachelor,25.0,95500.0
Diya,,Finance,Master,,
Anjali,,Finance,Master,25.0,114500.0
Kavya,22.0,Marketing,Master,,
Anjali,,Management,Bachelor,,
Kavya,,Management,Bachelor,,
Simran,,HR,Master,28.0,118000.0
Meera,,Management,PhD,,
Kunal,39.0,Finance,Master,7.0,
Raj,,Finance,Master,,
Sneha,35.0,Marketing,Master,18.0,95000.0
Sahil,,Marketing,Bachelor,20.0,85000.0
Anjali,,IT,PhD,0.0,75000.0
Aarav,,IT,PhD,,
Kavya,,Finance,Bachelor,,
Nikhil,,HR,Bachelor,18.0,78000.0
Sneha,37.0,IT,Master,,
Sneha,,Marketing,Bachelor,21.0,87500.0
Kavya,,HR,PhD,,
Raj,,Management,Bachelor,21.0,97500.0
Kunal,22.0,HR,Bachelor,,
Simran,,Finance,PhD,22.0,127000.0
Pooja,51.0,Management,PhD,,
Nikhil,,Marketing,PhD,28.0,140000.0
Sahil,51.0,Marketing,Master,,
Diya,29.0,Management,PhD,24.0,140000.0
Isha,,Management,Master,,
Ritu,24.0,Finance,PhD,,
Ritu,,Marketing,Master,,
Sahil,,Marketing,PhD,22.0,125000.0
Nikhil,50.0,Management,Master,24.0,120000.0
Vikram,30.0,Management,PhD,,
Amit,,IT,Master,,
Anjali,45.0,Finance,PhD,,
Kavya,39.0,Marketing,Bachelor,3.0,
Sneha,,Management,Master,,
Anjali,50.0,Management,Master,,
Anjali,28.0,Marketing,Bachelor,26.0,100000.0
Arjun,,Management,Master,,
Meera,49.0,HR,Master,,
Raj,,IT,Bachelor,,
Neha,38.0,Finance,PhD,20.0,122000.0
Diya,,Marketing,Master,4.0,60000.0
Arjun,32.0,Marketing,Bachelor,,
Rohan,,IT,PhD,,
Isha,,Marketing,PhD,17.0,112500.0
Rohan,,Finance,PhD,,
Aarav,,Management,Bachelor,3.0,52500.0
Sneha,,Management,Bachelor,,
Sahil,,Management,PhD,,
Rohan,22.0,HR,Bachelor,,
Rohan,37.0,Marketing,Master,,
Aarav,,IT,PhD,23.0,132500.0
Nikhil,,Finance,PhD,19.0,119500.0
Dev,,IT,PhD,10.0,100000.0
Meera,,IT,Bachelor,18.0,85000.0
Sahil,,HR,Master,,
Simran,53.0,HR,PhD,26.0,133000.0
Aarav,43.0,IT,Master,4.0,65000.0
Meera,55.0,HR,Bachelor,,
Aarav,37.0,Finance,Master,29.0,124500.0
Rohan,,Finance,Bachelor,,
Kavya,52.0,Management,Bachelor,12.0,75000.0
Aarav,31.0,Finance,PhD,0.0,72000.0
Isha,,HR,PhD,28.0,138000.0
Dev,,Marketing,Bachelor,,
Nikhil,,Marketing,Master,14.0,85000.0
Sneha,,IT,Master,2.0,60000.0
Kavya,27.0,IT,Master,30.0,130000.0
Rohan,,Finance,Bachelor,26.0,102000.0
Sneha,44.0,Marketing,Bachelor,,
Ritu,,Marketing,Master,,
Simran,,IT,Master,8.0,75000.0
Meera,,Marketing,Bachelor,,
Rohan,36.0,Finance,Master,,
Ritu,37.0,Finance,Bachelor,,
Dev,,Finance,Bachelor,6.0,52000.0
Raj,44.0,IT,PhD,28.0,145000.0
Sneha,36.0,Marketing,PhD,8.0,90000.0
Arjun,,Management,Bachelor,7.0,62500.0
Simran,30.0,Finance,PhD,,
Anjali,53.0,HR,Bachelor,1.0,35500.0
Vikram,28.0,Finance,Master,,
Ritu,,HR,Master,,
Simran,52.0,IT,Bachelor,0.0,40000.0
Neha,39.0,Marketing,Bachelor,,
Neha,,Finance,Master,17.0,94500.0
Kavya,23.0,HR,Master,28.0,118000.0
Ritu,,HR,Bachelor,,
Isha,,Finance,PhD,21.0,124500.0
Kavya,36.0,IT,Master,,
Aarav,,Marketing,Master,,
Arjun,,IT,Master,21.0,107500.0
Rohan,33.0,Management,Bachelor,,
Ritu,30.0,HR,Master,,
Kunal,,Finance,PhD,,
Vikram,,HR,PhD,,
Neha,,Finance,Master,,
Simran,36.0,Finance,PhD,4.0,82000.0
Sahil,46.0,Finance,PhD,,
Sneha,28.0,Finance,Bachelor,5.0,49500.0
Isha,,HR,Master,0.0,48000.0
Kavya,,HR,Bachelor,25.0,95500.0
Ritu,,IT,Master,21.0,
Anjali,,Marketing,PhD,,
Anjali,25.0,HR,Bachelor,,
Rohan,36.0,Management,Bachelor,,
Meera,,HR,Master,24.0,108000.0
Aarav,24.0,IT,Master,10.0,80000.0
Isha,,Management,Master,21.0,112500.0
Neha,45.0,HR,Master,,
Meera,27.0,Finance,Master,,
Isha,43.0,HR,Bachelor,,
Kunal,39.0,HR,PhD,27.0,135500.0
Meera,52.0,IT,Bachelor,,
Simran,32.0,Management,PhD,20.0,130000.0
Kunal,,IT,Bachelor,,
Dev,,Marketing,Bachelor,8.0,55000.0
Sahil,38.0,Management,Bachelor,,
Isha,,Finance,Master,,
Isha,34.0,Finance,Master,,
Sahil,52.0,Finance,PhD,,
Nikhil,29.0,Marketing,PhD,,
Diya,49.0,HR,PhD,5.0,80500.0
Diya,,HR,PhD,4.0,78000.0
Dev,34.0,HR,Bachelor,,
Raj,36.0,IT,Bachelor,18.0,85000.0
Simran,40.0,IT,Master,,
Pooja,36.0,Marketing,Bachelor,,
Ritu,34.0,Finance,Bachelor,,
Nikhil,,HR,PhD,13.0,100500.0
Sahil,,Management,PhD,,
Arjun,33.0,Finance,Master,0.0,52000.0
Raj,,Marketing,Master,,
Pooja,29.0,Finance,Master,,
Isha,,HR,Bachelor,30.0,108000.0
Nikhil,,HR,PhD,,
Kunal,39.0,Marketing,PhD,,
Dev,24.0,Management,Bachelor,,
Ritu,,Finance,Master,,
Isha,,Finance,PhD,25.0,134500.0
Neha,,Finance,Master,,
Sahil,,HR,PhD,1.0,70500.0
Amit,40.0,Finance,Master,8.0,72000.0
Diya,46.0,Management,PhD,,
Arjun,,IT,PhD,,
Sneha,53.0,HR,Bachelor,,
Meera,30.0,HR,PhD,,
Meera,,HR,Bachelor,6.0,48000.0
Neha,,IT,PhD,5.0,87500.0
Kunal,35.0,Finance,Master,,
Ritu,,IT,PhD,25.0,137500.0
Vikram,33.0,Finance,Bachelor,22.0,92000.0
Meera,,HR,Master,,
Simran,52.0,Marketing,PhD,,
Sneha,27.0,IT,PhD,7.0,92500.0
Pooja,45.0,HR,Bachelor,3.0,40500.0
Sahil,,IT,Bachelor,7.0,57500.0
Kunal,,HR,Bachelor,30.0,108000.0
Diya,,IT,PhD,,
Isha,,Finance,PhD,,
Vikram,,HR,Bachelor,,
Rohan,32.0,Management,Bachelor,,
Arjun,32.0,Finance,PhD,,
Raj,31.0,IT,Master,,
Meera,,Finance,Master,,
Simran,,Management,Bachelor,22.0,100000.0
Sneha,,HR,PhD,21.0,120500.0
Sahil,46.0,Finance,Bachelor,,
Isha,,IT,PhD,,
Arjun,23.0,Management,Master,29.0,132500.0
Rohan,,Marketing,Master,23.0,107500.0
Rohan,,IT,Master,4.0,65000.0
Pooja,50.0,Management,PhD,22.0,135000.0
Diya,45.0,Marketing,Master,,
Rohan,,IT,Bachelor,,
Sahil,30.0,Management,Bachelor,,
Pooja,,Marketing,PhD,,
Anjali,29.0,Marketing,Bachelor,26.0,100000.0
Isha,39.0,IT,Bachelor,10.0,65000.0
Sneha,47.0,Management,Bachelor,,
Simran,,Marketing,PhD,,
Amit,,Finance,Bachelor,18.0,82000.0
Anjali,,Finance,Bachelor,,
Nikhil,,IT,Master,,
Amit,,IT,Bachelor,,
Aarav,50.0,Finance,Bachelor,,
Meera,43.0,HR,Bachelor,29.0,105500.0
Ritu,23.0,IT,Bachelor,16.0,80000.0
Arjun,28.0,HR,PhD,,
Kunal,23.0,Management,PhD,9.0,102500.0
Arjun,36.0,Finance,Bachelor,,
Vikram,,Finance,Master,15.0,89500.0
Meera,,HR,PhD,,
Neha,30.0,HR,PhD,,
Dev,34.0,Finance,PhD,0.0,72000.0
Simran,,Marketing,Master,,
Rohan,36.0,IT,Bachelor,,
Kavya,,Management,PhD,30.0,155000.0
Amit,,Finance,PhD,8.0,92000.0
Nikhil,,Marketing,Master,,
Pooja,,Management,Master,8.0,80000.0
Arjun,,IT,Master,,
Neha,,HR,Bachelor,12.0,63000.0
Isha,42.0,Marketing,Bachelor,25.0,97500.0
Arjun,47.0,Marketing,Master,,
Vikram,25.0,Finance,Bachelor,16.0,77000.0
Isha,31.0,IT,Master,,
Kunal,,Finance,PhD,11.0,99500.0
Sneha,46.0,Marketing,PhD,,
Nikhil,35.0,IT,Master,6.0,70000.0
Neha,,IT,Bachelor,,
Pooja,,HR,Master,6.0,63000.0
Kunal,,IT,PhD,28.0,145000.0
Nikhil,53.0,Marketing,PhD,28.0,140000.0
Nikhil,41.0,Finance,Bachelor,14.0,72000.0
Kunal,40.0,Marketing,Master,17.0,92500.0
Rohan,,Management,PhD,,
Nikhil,,Marketing,PhD,,
Dev,34.0,HR,Bachelor,,
Isha,48.0,HR,Bachelor,10.0,58000.0
Simran,24.0,IT,PhD,,
Kavya,,Management,Master,5.0,72500.0
Kunal,33.0,Marketing,Bachelor,21.0,87500.0
Arjun,,Management,Bachelor,22.0,100000.0
Meera,54.0,Marketing,Bachelor,,
Nikhil,39.0,Marketing,Bachelor,,
Rohan,22.0,IT,Master,25.0,117500.0
Diya,,Finance,Bachelor,,
Raj,,Finance,Bachelor,,
Sahil,38.0,Management,Master,,
Pooja,45.0,Marketing,PhD,,
Simran,53.0,HR,PhD,14.0,103000.0
Sneha,41.0,Finance,Master,29.0,124500.0
Kavya,36.0,Marketing,PhD,,
Vikram,44.0,Management,Bachelor,11.0,72500.0
Amit,44.0,Management,Bachelor,8.0,65000.0
Arjun,36.0,Management,PhD,,
Meera,,Finance,Bachelor,20.0,87000.0
Sneha,,Management,Master,,
Sneha,,IT,Bachelor,,
Isha,,HR,Master,,
Nikhil,23.0,Management,PhD,,
Ritu,,Marketing,Master,9.0,72500.0
Raj,53.0,Management,PhD,23.0,137500.0
Sahil,50.0,Finance,Bachelor,4.0,47000.0
Simran,,Management,PhD,20.0,130000.0
Raj,,IT,Bachelor,,
Vikram,,Finance,Bachelor,3.0,44500.0
Sneha,,Management,Bachelor,,
Arjun,24.0,Management,PhD,27.0,147500.0
Arjun,22.0,Management,PhD,23.0,137500.0
Neha,36.0,Finance,Master,,
Sahil,38.0,IT,PhD,,
Sneha,38.0,Management,Bachelor,,
Rohan,,Marketing,Master,,
Kunal,47.0,IT,PhD,,
Pooja,55.0,IT,Bachelor,,
Aarav,51.0,Management,PhD,,
Pooja,32.0,Management,Bachelor,,
Rohan,27.0,HR,Bachelor,17.0,
Kunal,35.0,HR,Master,,
Sneha,,IT,Bachelor,7.0,
Dev,,IT,PhD,18.0,120000.0
Kunal,,IT,Bachelor,,
Isha,33.0,Finance,Master,,
Arjun,,HR,Master,,
Pooja,,Marketing,Bachelor,,
Arjun,40.0,Management,Bachelor,17.0,87500.0
Raj,,HR,PhD,,
Amit,38.0,Management,Bachelor,29.0,117500.0
Meera,30.0,Marketing,Master,25.0,112500.0
Simran,,Marketing,PhD,23.0,127500.0
Nikhil,29.0,IT,PhD,,
Nikhil,28.0,Marketing,PhD,,
Sneha,,Finance,PhD,,
Aarav,,IT,PhD,2.0,80000.0
Rohan,,HR,Bachelor,,
Meera,24.0,Management,Master,,
Simran,,Finance,Bachelor,,
Arjun,,IT,Bachelor,,
Kavya,47.0,Finance,Bachelor,,
Ritu,43.0,Finance,Bachelor,0.0,37000.0
Aarav,,Finance,Master,,
Sneha,38.0,HR,Master,18.0,
Amit,47.0,Marketing,PhD,12.0,100000.0
Meera,,Marketing,Master,,
Sahil,,Management,Master,,
Simran,26.0,HR,Bachelor,17.0,75500.0
Raj,,HR,Bachelor,26.0,98000.0
Pooja,24.0,IT,Master,19.0,102500.0
Amit,,Management,Bachelor,,
Aarav,50.0,HR,Master,29.0,
Anjali,,IT,PhD,,
Ritu,33.0,IT,Master,7.0,72500.0
Nikhil,,IT,PhD,6.0,90000.0
Diya,,Management,PhD,,
Kunal,43.0,IT,PhD,25.0,137500.0
Rohan,55.0,IT,Bachelor,,
Rohan,51.0,IT,PhD,,
Isha,55.0,Finance,PhD,28.0,142000.0
Sahil,55.0,Finance,PhD,8.0,
Aarav,47.0,Management,Bachelor,8.0,65000.0
Kavya,,Marketing,PhD,19.0,117500.0
Raj,,Finance,Master,9.0,74500.0
Vikram,28.0,Finance,PhD,,
Kavya,,Marketing,Master,,
Nikhil,31.0,IT,PhD,,
Simran,,IT,Master,,
Neha,,IT,Master,,
Vikram,45.0,Marketing,PhD,23.0,127500.0
Isha,,HR,Bachelor,5.0,45500.0
Amit,36.0,Management,Master,1.0,62500.0
Sneha,,HR,Master,13.0,80500.0
Simran,44.0,IT,Bachelor,13.0,72500.0
Sahil,,HR,Master,0.0,48000.0
Arjun,49.0,Management,PhD,,
Sahil,,Finance,PhD,7.0,89500.0
Vikram,,Marketing,PhD,8.0,90000.0
Amit,51.0,HR,PhD,23.0,125500.0
Simran,50.0,HR,Master,,
Isha,37.0,Marketing,Master,8.0,70000.0
Rohan,43.0,Management,Master,,
Aarav,,IT,Master,21.0,107500.0
Kunal,40.0,IT,Master,10.0,80000.0
Anjali,,Management,Bachelor,,
Rohan,,HR,Master,,
Vikram,,HR,Bachelor,,
Kunal,26.0,Finance,PhD,,
Arjun,,Management,Bachelor,6.0,60000.0
Neha,45.0,Marketing,Bachelor,,
Nikhil,,Marketing,Bachelor,,
Simran,,IT,Bachelor,1.0,42500.0
Arjun,51.0,Management,Master,8.0,80000.0
Diya,29.0,IT,Master,10.0,80000.0
Meera,,IT,Master,,
Isha,55.0,IT,Master,26.0,
Amit,,Marketing,Master,19.0,97500.0
Raj,32.0,Marketing,Master,,
Kavya,,Finance,Bachelor,,
Kunal,32.0,HR,Master,9.0,70500.0
Aarav,,Finance,PhD,28.0,142000.0
Sahil,38.0,IT,Bachelor,,
Ritu,,HR,PhD,15.0,105500.0
Nikhil,,IT,PhD,,
Anjali,,IT,PhD,,
Raj,,HR,Bachelor,,
Nikhil,,Marketing,PhD,24.0,130000.0
Kunal,,Marketing,Master,4.0,60000.0
Amit,34.0,Marketing,Bachelor,20.0,85000.0
Raj,29.0,HR,PhD,,
Sahil,23.0,IT,PhD,12.0,105000.0
Neha,22.0,Finance,PhD,14.0,107000.0
Sahil,51.0,Finance,Master,,
Meera,45.0,Marketing,Bachelor,,
Vikram,22.0,Management,Bachelor,,
Kavya,47.0,Finance,PhD,21.0,124500.0
Nikhil,37.0,IT,PhD,,
Vikram,47.0,Management,PhD,28.0,150000.0
Arjun,33.0,Finance,Bachelor,,
Aarav,35.0,Marketing,Master,11.0,77500.0
Sneha,27.0,Finance,PhD,,
Dev,33.0,IT,Bachelor,0.0,40000.0
Ritu,49.0,IT,Bachelor,,
Vikram,,Finance,Bachelor,4.0,47000.0
Sneha,38.0,IT,PhD,12.0,105000.0
Aarav,,Marketing,PhD,2.0,75000.0
Vikram,34.0,IT,PhD,21.0,127500.0
Ritu,,HR,Master,,
Anjali,,Management,PhD,,
Arjun,27.0,Management,PhD,15.0,
Kunal,41.0,Finance,Bachelor,,
Nikhil,,Marketing,PhD,18.0,115000.0
Sneha,46.0,IT,PhD,24.0,135000.0
Rohan,,Management,Bachelor,,
Isha,32.0,HR,PhD,8.0,88000.0
Ritu,,Management,Bachelor,14.0,80000.0
Anjali,,HR,Bachelor,,
Amit,,Management,Master,26.0,125000.0
Ritu,,IT,Master,1.0,57500.0
Sneha,,Marketing,Bachelor,4.0,45000.0
Simran,,HR,Bachelor,,
Aarav,42.0,HR,Bachelor,27.0,100500.0
Dev,,HR,Bachelor,13.0,65500.0
Aarav,,Finance,Bachelor,,
Meera,,IT,Master,,
Meera,,Finance,PhD,,
Meera,,HR,Master,,
Simran,36.0,Management,Master,,
Isha,49.0,IT,Bachelor,6.0,55000.0
Sneha,,Marketing,Master,,
Rohan,27.0,Finance,Master,21.0,104500.0
Aarav,55.0,HR,PhD,,
Nikhil,35.0,Finance,PhD,,
Raj,44.0,Finance,PhD,,
Meera,40.0,Management,Master,,
Dev,55.0,IT,Master,,
Raj,35.0,Management,Master,14.0,95000.0
Sneha,,IT,Bachelor,6.0,55000.0
Rohan,27.0,HR,Bachelor,2.0,38000.0
Vikram,,Finance,Master,3.0,59500.0
Arjun,30.0,IT,Master,13.0,87500.0
Sahil,,Marketing,PhD,,
Aarav,33.0,HR,Bachelor,5.0,45500.0
Arjun,28.0,IT,PhD,27.0,142500.0
Isha,39.0,IT,PhD,,
Ritu,,Finance,Master,25.0,114500.0
Anjali,39.0,HR,PhD,,
Ritu,,Marketing,Master,24.0,110000.0
Anjali,,HR,Master,,
Neha,29.0,Management,Bachelor,,
Arjun,25.0,IT,Master,,
Nikhil,28.0,Management,Bachelor,,
Isha,44.0,Finance,PhD,14.0,107000.0
Dev,48.0,Finance,PhD,10.0,97000.0
Amit,,HR,Master,,
Neha,,Marketing,Master,,
Pooja,,IT,Master,,
Sahil,,Finance,Bachelor,,
Sahil,,Management,PhD,,
Simran,,HR,Bachelor,,
Dev,47.0,HR,Bachelor,21.0,85500.0
Sneha,,Marketing,PhD,20.0,120000.0
Pooja,,Finance,Bachelor,6.0,52000.0
Raj,47.0,IT,Bachelor,27.0,
Kunal,49.0,IT,Bachelor,,
Rohan,,IT,Bachelor,4.0,50000.0
Ritu,,Management,Master,4.0,70000.0
Sahil,,HR,PhD,30.0,143000.0
Anjali,27.0,Marketing,Master,11.0,77500.0
Rohan,28.0,HR,PhD,,
Simran,,Marketing,PhD,26.0,135000.0
Sneha,,HR,Master,0.0,48000.0
Sneha,,HR,Master,,
Aarav,42.0,Finance,PhD,,
Aarav,31.0,Finance,Master,,
Arjun,,Finance,Bachelor,,
Arjun,37.0,Marketing,Master,1.0,52500.0
Amit,52.0,Marketing,PhD,20.0,120000.0
Ritu,29.0,IT,PhD,,
Simran,,Finance,Master,26.0,117000.0
Dev,24.0,IT,Bachelor,16.0,80000.0
Anjali,37.0,Marketing,Bachelor,30.0,110000.0
Amit,35.0,HR,Bachelor,,
Arjun,,Marketing,PhD,,
Meera,43.0,IT,Bachelor,,
Sahil,44.0,Marketing,PhD,16.0,110000.0
Diya,32.0,Finance,Master,14.0,87000.0
Neha,,Finance,Master,22.0,107000.0
Sahil,,Management,Bachelor,,
Ritu,,IT,Bachelor,,
Ritu,23.0,HR,PhD,,
Amit,23.0,IT,Bachelor,,
Kunal,,Marketing,Master,1.0,52500.0
Raj,,Management,PhD,25.0,142500.0
Pooja,35.0,IT,Master,,
Sahil,,Management,PhD,12.0,110000.0
Sahil,44.0,Management,PhD,,
Ritu,34.0,HR,PhD,,
Arjun,,Finance,Master,13.0,84500.0
Simran,22.0,Finance,PhD,,
Neha,,HR,Master,,
Sahil,53.0,HR,Bachelor,,
Vikram,29.0,IT,Bachelor,,
Kunal,,IT,Bachelor,,
Aarav,,Marketing,PhD,,
Pooja,37.0,Management,Master,24.0,120000.0
Raj,,Finance,PhD,26.0,137000.0
Aarav,,Finance,Master,24.0,112000.0
Aarav,,Finance,Master,21.0,104500.0
Ritu,,Management,PhD,6.0,95000.0
Kunal,,IT,Bachelor,,
Isha,,Finance,Bachelor,15.0,74500.0
Sneha,32.0,HR,PhD,16.0,108000.0
Meera,,Marketing,Master,3.0,57500.0
Vikram,,HR,Bachelor,23.0,90500.0
Pooja,,Management,Master,,
Neha,,Finance,Master,,
Nikhil,24.0,HR,Master,,
Sneha,33.0,Finance,Master,26.0,117000.0
Ritu,,Finance,PhD,,
Meera,,IT,Master,11.0,82500.0
Amit,40.0,Management,PhD,12.0,110000.0
Ritu,51.0,Marketing,PhD,,
Dev,42.0,IT,Master,,
Vikram,30.0,Management,Bachelor,,
Nikhil,,Finance,Master,15.0,
Vikram,,Marketing,Bachelor,18.0,80000.0
Pooja,,Management,Master,,
Vikram,,Management,Bachelor,16.0,
Nikhil,,Marketing,PhD,,
Anjali,,HR,Master,12.0,78000.0
Meera,43.0,Finance,Master,,
Meera,25.0,Management,Master,10.0,85000.0
Neha,26.0,HR,Master,,
Simran,26.0,Management,Bachelor,12.0,75000.0
Vikram,,Finance,PhD,,
Diya,,Management,Bachelor,,
Sneha,,Marketing,Master,17.0,92500.0
Diya,,Marketing,PhD,1.0,72500.0
Pooja,,Management,Bachelor,,
Ritu,,HR,PhD,7.0,85500.0
Kunal,,IT,Master,,
Sahil,,Finance,Master,,
Pooja,23.0,Management,PhD,21.0,132500.0
Simran,51.0,Management,Bachelor,30.0,
Aarav,,HR,Bachelor,,
Arjun,36.0,Finance,Master,1.0,54500.0
Simran,33.0,Management,Bachelor,30.0,120000.0
Ritu,35.0,Marketing,Bachelor,17.0,77500.0
Kunal,54.0,HR,Bachelor,8.0,53000.0
Dev,,HR,PhD,20.0,118000.0
Kunal,30.0,Marketing,Bachelor,,
Raj,29.0,Finance,PhD,,
Ritu,,Finance,Bachelor,,
Amit,22.0,Finance,Bachelor,,
Amit,,Finance,Master,,
Neha,33.0,HR,Master,,
Nikhil,,Finance,Master,11.0,
Anjali,,Finance,PhD,,
Pooja,26.0,IT,Master,,
Arjun,54.0,Marketing,PhD,,
Meera,,Finance,PhD,,
Pooja,,HR,Master,,
Diya,,Marketing,Bachelor,,
Isha,53.0,Marketing,PhD,,
Neha,,Marketing,Bachelor,2.0,40000.0
Simran,50.0,Marketing,Master,20.0,100000.0
Ritu,,IT,Bachelor,10.0,65000.0
Isha,,HR,Master,20.0,98000.0
Rohan,45.0,HR,PhD,6.0,83000.0
Neha,55.0,Management,Bachelor,,
Kunal,,Management,PhD,,
Raj,28.0,HR,Master,,
Kunal,47.0,Management,PhD,,
Ritu,,Marketing,PhD,,
Kunal,,IT,Master,18.0,100000.0
Raj,54.0,Finance,Bachelor,12.0,67000.0
Kunal,,Management,Master,,
Sneha,45.0,IT,Master,,
Anjali,50.0,HR,Master,7.0,65500.0
Aarav,47.0,Finance,Bachelor,,
Rohan,,Marketing,Bachelor,,
Dev,,Finance,Bachelor,,
Amit,52.0,HR,PhD,11.0,95500.0
Raj,48.0,HR,PhD,8.0,88000.0
Neha,,IT,Master,28.0,125000.0
Kunal,,Management,Master,2.0,65000.0
Rohan,52.0,HR,Master,14.0,83000.0
Meera,24.0,Finance,PhD,24.0,132000.0
Kavya,53.0,Finance,Master,,
Neha,49.0,HR,Bachelor,30.0,108000.0
Sahil,,IT,Master,9.0,77500.0
Rohan,35.0,Management,PhD,10.0,105000.0
Meera,51.0,Management,Bachelor,,
Ritu,,Management,PhD,,
Diya,,IT,PhD,,
Amit,27.0,Finance,Bachelor,,
Arjun,,IT,Master,,
Raj,39.0,Finance,Bachelor,,
Sahil,36.0,Management,PhD,,
Anjali,33.0,Management,PhD,,
Dev,51.0,Marketing,PhD,29.0,142500.0
Meera,38.0,Marketing,Master,,
Vikram,,IT,Bachelor,,
Nikhil,,Marketing,Master,30.0,125000.0
Sahil,37.0,HR,PhD,26.0,133000.0
Sahil,,Finance,Bachelor,,
Kunal,,IT,Bachelor,17.0,82500.0
Aarav,32.0,IT,PhD,7.0,92500.0
Pooja,,Management,Master,18.0,105000.0
Diya,,Finance,Master,18.0,97000.0
Rohan,34.0,Finance,Bachelor,10.0,62000.0
Neha,,Management,PhD,22.0,135000.0
Ritu,,IT,PhD,,
Arjun,29.0,Finance,Master,,
Dev,,Management,PhD,,
Sahil,42.0,IT,Master,5.0,67500.0
Aarav,,Finance,Bachelor,,
Neha,,HR,Bachelor,,
Diya,35.0,Management,Master,,
Amit,,Finance,PhD,,
Meera,50.0,Management,PhD,4.0,90000.0
Neha,32.0,IT,Bachelor,10.0,65000.0
Raj,,HR,PhD,,
Isha,38.0,IT,Master,4.0,65000.0
Dev,29.0,Management,Bachelor,,
Dev,,Management,PhD,,
Nikhil,42.0,Finance,PhD,0.0,72000.0
Kavya,,Management,Master,19.0,107500.0
Rohan,46.0,IT,Master,17.0,97500.0
Ritu,35.0,HR,PhD,0.0,68000.0
Vikram,,HR,Bachelor,,
Simran,30.0,HR,Master,9.0,70500.0
Anjali,47.0,HR,Bachelor,2.0,38000.0
Sneha,24.0,IT,Master,5.0,67500.0
Kavya,,Finance,Bachelor,1.0,39500.0
Aarav,36.0,Marketing,Master,,
Simran,,IT,Master,20.0,105000.0
Pooja,40.0,IT,Master,,
Neha,,IT,Bachelor,,
Amit,,Management,Bachelor,,
Ritu,,Management,Master,6.0,75000.0
Vikram,54.0,Marketing,Master,,
Isha,47.0,Marketing,Master,0.0,50000.0
Sneha,39.0,HR,PhD,,
Amit,28.0,Management,Master,16.0,100000.0
Anjali,,IT,Master,,
Isha,29.0,Marketing,Bachelor,,
Diya,,Management,Master,,
Aarav,25.0,HR,Bachelor,24.0,93000.0
Dev,38.0,Finance,PhD,,
Sneha,54.0,IT,PhD,,
Aarav,,Finance,Master,8.0,72000.0
Isha,34.0,Finance,Master,,
Dev,51.0,Marketing,Master,20.0,100000.0
Ritu,,HR,Bachelor,2.0,38000.0
Nikhil,,Marketing,Bachelor,,
Simran,,Finance,PhD,22.0,127000.0
Sahil,,HR,Master,0.0,48000.0
Aarav,,Marketing,Master,,
Ritu,,HR,Bachelor,,
Diya,,Finance,PhD,,
Neha,45.0,Marketing,Bachelor,14.0,70000.0
Arjun,23.0,HR,PhD,23.0,
Arjun,,Marketing,Bachelor,26.0,100000.0
Amit,37.0,HR,PhD,30.0,143000.0
Pooja,40.0,Finance,Bachelor,22.0,92000.0
Raj,53.0,HR,PhD,,
Sneha,,Marketing,PhD,18.0,115000.0
Sneha,45.0,HR,Bachelor,,
Pooja,23.0,Finance,PhD,,
Amit,,IT,Master,9.0,77500.0
Sneha,51.0,HR,PhD,,
Vikram,,Management,PhD,8.0,100000.0
Anjali,27.0,HR,Bachelor,,
Kunal,,HR,PhD,26.0,133000.0
Arjun,26.0,Finance,PhD,,
Pooja,,Management,Master,20.0,110000.0
Arjun,39.0,Marketing,Master,,
Raj,54.0,Marketing,Bachelor,,
Arjun,,HR,Bachelor,17.0,75500.0
Neha,,Marketing,PhD,,
Kunal,,IT,Master,14.0,90000.0
Rohan,32.0,HR,Bachelor,11.0,60500.0
Neha,,HR,PhD,,
Dev,,Management,PhD,,
Dev,,Finance,PhD,20.0,122000.0
Vikram,,Marketing,PhD,3.0,77500.0
Simran,,Marketing,Bachelor,5.0,47500.0
Sahil,,Marketing,PhD,8.0,90000.0
Meera,,Finance,PhD,1.0,74500.0
Neha,,HR,Master,,
Simran,,Finance,Bachelor,,
Sahil,,Marketing,Bachelor,,
Amit,,Management,Bachelor,23.0,102500.0
Simran,,Management,Master,20.0,110000.0
Neha,23.0,HR,PhD,24.0,128000.0
Diya,22.0,Management,Bachelor,8.0,65000.0
Anjali,53.0,IT,PhD,5.0,87500.0
Pooja,31.0,HR,Master,,
Rohan,35.0,HR,Master,,
Neha,,Marketing,Bachelor,,
Nikhil,,Finance,Bachelor,9.0,59500.0
Nikhil,,Finance,PhD,,
Anjali,44.0,IT,Bachelor,,
Nikhil,,IT,Bachelor,,
Sneha,39.0,Marketing,PhD,,
Aarav,,Management,Master,7.0,77500.0
Diya,29.0,Marketing,Master,,
Amit,,Finance,PhD,,
Rohan,,HR,Master,,
Pooja,,HR,Master,21.0,100500.0
Simran,45.0,Marketing,Master,,
Aarav,,HR,Master,,
Pooja,52.0,IT,PhD,,
Diya,40.0,Management,Bachelor,25.0,107500.0
Sahil,52.0,HR,Master,,
Kunal,,IT,Bachelor,,
Ritu,39.0,Management,Bachelor,10.0,70000.0
Aarav,,HR,PhD,5.0,80500.0
Amit,24.0,Finance,Master,18.0,97000.0
Raj,44.0,IT,Bachelor,17.0,82500.0
Kunal,,Marketing,PhD,18.0,115000.0
Simran,,Management,PhD,7.0,
Amit,,Management,Bachelor,,
Vikram,,IT,PhD,,
Ritu,,Management,Bachelor,,
Kavya,43.0,Finance,Master,,
Isha,,IT,Bachelor,,
Ritu,46.0,Marketing,PhD,,
Kavya,,HR,Bachelor,,
Nikhil,,Management,PhD,18.0,125000.0
Sahil,54.0,IT,PhD,,
Dev,,Finance,Master,22.0,107000.0
Sahil,,Marketing,PhD,,
Arjun,33.0,Management,Bachelor,5.0,57500.0
Kavya,55.0,Management,Master,24.0,120000.0
Vikram,,Finance,Master,,
Anjali,,Finance,Master,,
Ritu,24.0,Marketing,Bachelor,,
Vikram,45.0,HR,Master,,
Arjun,,HR,PhD,17.0,110500.0
Anjali,,Finance,Bachelor,8.0,57000.0
Meera,39.0,Finance,Bachelor,,
Rohan,41.0,Management,PhD,,
Meera,,Marketing,PhD,12.0,100000.0
Nikhil,33.0,HR,Bachelor,4.0,43000.0
Vikram,,Management,Bachelor,25.0,107500.0
Dev,27.0,IT,Master,,
Sneha,53.0,Marketing,PhD,8.0,90000.0
Vikram,33.0,Finance,PhD,,
Raj,,IT,Master,4.0,65000.0
Kunal,,IT,Master,,
Dev,33.0,Finance,Bachelor,24.0,97000.0
Nikhil,,Finance,PhD,,
Neha,,HR,Master,8.0,68000.0
Kunal,41.0,HR,PhD,,
Vikram,,Finance,Bachelor,13.0,69500.0
Pooja,44.0,HR,Bachelor,,
Vikram,,IT,Master,25.0,
Nikhil,,Management,Bachelor,,
Ritu,,Management,Bachelor,2.0,50000.0
Raj,,Management,PhD,,
Arjun,37.0,Marketing,Master,,
Isha,,Finance,Bachelor,23.0,94500.0
Diya,,Finance,Bachelor,,
Dev,37.0,Marketing,Bachelor,8.0,55000.0
Neha,,Finance,Bachelor,,
Rohan,,IT,PhD,,
Kunal,39.0,Marketing,Bachelor,,
Dev,,Management,PhD,,
Nikhil,28.0,HR,Master,,
Dev,32.0,Finance,PhD,23.0,129500.0
Meera,,Marketing,Master,,
Raj,,HR,Bachelor,16.0,73000.0
Dev,,HR,PhD,,
Simran,55.0,Management,Bachelor,,
Sahil,37.0,Finance,Bachelor,,
Neha,,IT,Bachelor,14.0,75000.0
Sahil,,Finance,Master,,
Kavya,,IT,PhD,22.0,130000.0
Rohan,,Finance,Master,,
Kavya,,Marketing,Bachelor,,
Kunal,,Management,Bachelor,,
Raj,,Finance,Master,2.0,57000.0
Meera,,Management,Master,14.0,95000.0
Kunal,54.0,Management,PhD,,
Pooja,49.0,Management,Master,,
Nikhil,,IT,Master,,
Amit,,Marketing,PhD,17.0,112500.0
Kunal,,HR,PhD,,
Meera,,Finance,Master,,
Anjali,,Management,Bachelor,,
Dev,,Finance,Bachelor,18.0,82000.0
Anjali,,Management,PhD,13.0,112500.0
Amit,24.0,Finance,Bachelor,6.0,52000.0
Rohan,33.0,HR,Master,,
Amit,32.0,Management,Master,26.0,125000.0
Ritu,,Marketing,Bachelor,,
Diya,,Marketing,Master,4.0,
Vikram,39.0,Marketing,Bachelor,15.0,72500.0
Meera,,IT,Master,15.0,92500.0
Sahil,52.0,HR,Bachelor,,
Neha,36.0,Finance,Master,19.0,
Kavya,,Management,PhD,,
Simran,,Management,Bachelor,,
Ritu,,Marketing,PhD,28.0,140000.0
Diya,28.0,Marketing,PhD,19.0,117500.0
Vikram,,IT,Bachelor,29.0,112500.0
Nikhil,50.0,Management,Bachelor,,
Anjali,,IT,Master,23.0,112500.0
Vikram,,HR,Bachelor,,
Kavya,33.0,IT,Master,,
Ritu,,Finance,PhD,,
Ritu,,Management,PhD,,
Kavya,33.0,Marketing,PhD,,
Simran,,IT,PhD,,
Nikhil,47.0,IT,Master,0.0,55000.0
Aarav,32.0,HR,PhD,9.0,90500.0
Sahil,38.0,Finance,Bachelor,,
Raj,29.0,Finance,Bachelor,21.0,89500.0
Ritu,,Management,Bachelor,,
Ritu,,Management,Master,7.0,77500.0
Dev,,HR,Bachelor,20.0,83000.0
Dev,51.0,HR,Bachelor,4.0,43000.0
Kavya,,IT,PhD,,
Simran,,IT,Bachelor,5.0,52500.0
Aarav,,HR,Bachelor,,
Neha,,Finance,Master,18.0,97000.0
Raj,,IT,Bachelor,,
Raj,51.0,Marketing,Bachelor,13.0,67500.0
Isha,22.0,IT,PhD,,
Dev,,IT,Master,,
Kavya,,Management,PhD,,
Kunal,,HR,Bachelor,8.0,53000.0
Simran,,HR,Bachelor,25.0,95500.0
Sneha,43.0,Management,Master,,
Neha,52.0,IT,Master,10.0,
Simran,38.0,IT,Master,,
Neha,,Management,Master,25.0,122500.0
Sahil,24.0,IT,Master,,
Nikhil,,Management,PhD,,
Vikram,,Management,Bachelor,2.0,50000.0
Raj,,IT,PhD,,
Dev,,Management,Master,10.0,85000.0
Aarav,25.0,Marketing,Master,,
Ritu,55.0,HR,PhD,,
Vikram,47.0,Marketing,Master,,
Anjali,52.0,HR,Master,,
Pooja,45.0,Finance,PhD,9.0,94500.0
Aarav,49.0,Marketing,PhD,,
Rohan,42.0,Finance,PhD,,
Diya,,HR,Bachelor,,
Kavya,,HR,Master,,
Kunal,34.0,Marketing,Bachelor,6.0,50000.0
Anjali,26.0,Management,Bachelor,25.0,107500.0
Rohan,,Finance,Master,10.0,77000.0
Raj,,Marketing,Master,15.0,87500.0
Raj,,IT,Bachelor,0.0,40000.0
Arjun,40.0,Marketing,PhD,17.0,112500.0
Aarav,46.0,Management,Bachelor,,
Vikram,34.0,Marketing,Bachelor,,
Ritu,,Management,PhD,3.0,87500.0
Aarav,,Marketing,Bachelor,9.0,57500.0
Arjun,,Management,Bachelor,20.0,95000.0
Nikhil,27.0,Finance,Master,,
Arjun,,IT,Bachelor,19.0,87500.0
Meera,,Finance,Master,8.0,72000.0
Arjun,,Marketing,Master,17.0,
Sahil,,Marketing,Bachelor,12.0,
Amit,,Marketing,Master,21.0,102500.0
Simran,22.0,HR,Master,,
Kavya,43.0,Management,PhD,,
Aarav,52.0,IT,Master,22.0,110000.0
Anjali,24.0,Finance,Master,,
Rohan,33.0,Management,PhD,4.0,90000.0
Kavya,,Management,Master,3.0,67500.0
Aarav,53.0,HR,Master,,
Kunal,,IT,PhD,13.0,107500.0
Ritu,,Management,Bachelor,,
Simran,,Finance,Master,22.0,107000.0
Arjun,40.0,Management,Bachelor,,
Sneha,50.0,Management,Bachelor,,
Arjun,24.0,Finance,PhD,,
Kavya,,Finance,Bachelor,0.0,37000.0
Arjun,,Management,PhD,24.0,140000.0
Nikhil,25.0,Marketing,Master,,
Kavya,54.0,Management,PhD,19.0,
Diya,48.0,IT,Master,10.0,80000.0
Simran,,Marketing,Bachelor,15.0,72500.0
Amit,,Finance,PhD,24.0,132000.0
Rohan,,Management,Master,,
Nikhil,25.0,Finance,Bachelor,15.0,74500.0
Pooja,29.0,Management,Master,10.0,85000.0
Isha,,Management,PhD,,
Pooja,,Management,Bachelor,,
Sneha,,Marketing,Master,,
Meera,26.0,Finance,Bachelor,,
Nikhil,,IT,Bachelor,17.0,82500.0
Aarav,,Marketing,Bachelor,27.0,102500.0
Pooja,,IT,Bachelor,,
Kavya,,IT,PhD,,
Ritu,,IT,PhD,23.0,132500.0
Amit,,Finance,Bachelor,30.0,112000.0
Diya,25.0,HR,Bachelor,,
Aarav,34.0,Finance,PhD,18.0,117000.0
Nikhil,,Finance,PhD,29.0,144500.0
Pooja,,Marketing,Master,6.0,65000.0
Aarav,34.0,Marketing,Master,20.0,100000.0
Amit,23.0,Management,Bachelor,,
Sahil,,IT,PhD,12.0,105000.0
Isha,,IT,Bachelor,26.0,105000.0
Anjali,,HR,Bachelor,,
Raj,36.0,HR,Bachelor,24.0,93000.0
Rohan,38.0,Marketing,PhD,1.0,72500.0
Simran,,HR,Bachelor,,
Sahil,25.0,Finance,Master,,
Pooja,26.0,Finance,Master,10.0,77000.0
Vikram,,Marketing,Master,3.0,57500.0
Amit,39.0,IT,Master,,
Aarav,,Marketing,PhD,,
Diya,39.0,Marketing,Bachelor,0.0,35000.0
Meera,47.0,HR,Bachelor,20.0,83000.0
Anjali,,Management,Master,22.0,115000.0
Sahil,,Finance,Master,22.0,107000.0
Simran,39.0,Marketing,Master,,
Kunal,,IT,PhD,,
Kunal,47.0,IT,PhD,19.0,122500.0
Amit,,Finance,Bachelor,1.0,39500.0
Rohan,32.0,IT,PhD,,
Vikram,22.0,IT,Master,,
Raj,29.0,Management,PhD,4.0,90000.0
Kavya,,Finance,Bachelor,8.0,57000.0
Pooja,,Management,PhD,,
Diya,,Finance,Master,,
Sneha,26.0,IT,PhD,,
Kavya,,Marketing,Bachelor,27.0,
Amit,55.0,HR,Master,8.0,68000.0
Isha,,Management,Master,,
Nikhil,,Finance,Master,,
Nikhil,40.0,IT,PhD,,
Diya,35.0,IT,Bachelor,,
Raj,,Marketing,Master,12.0,80000.0
Kavya,,Finance,PhD,18.0,117000.0
Diya,,Management,PhD,,
Anjali,37.0,Management,Master,,
Kavya,,Finance,PhD,,
Nikhil,,Marketing,Bachelor,,
Neha,,Marketing,PhD,4.0,80000.0
Simran,,Marketing,Master,20.0,100000.0
Neha,40.0,Marketing,Bachelor,5.0,47500.0
Amit,30.0,Finance,Bachelor,,
Isha,,Marketing,Bachelor,,
Vikram,40.0,IT,PhD,,
Pooja,31.0,Management,PhD,16.0,120000.0
Anjali,,Marketing,Bachelor,,
Neha,38.0,Finance,Bachelor,,
Sneha,28.0,Finance,PhD,,
Sneha,51.0,Management,Bachelor,,
Sahil,49.0,Finance,Bachelor,,
Arjun,33.0,Marketing,Bachelor,28.0,105000.0
Vikram,35.0,Marketing,Master,,
Neha,45.0,Finance,Master,7.0,69500.0
Ritu,40.0,HR,PhD,,
Arjun,,Marketing,PhD,,
Isha,,Management,PhD,,
Diya,,Marketing,Master,26.0,115000.0
Dev,,Management,Bachelor,17.0,87500.0
Ritu,32.0,HR,Master,,
Amit,31.0,Marketing,PhD,12.0,100000.0
Rohan,,Management,PhD,22.0,135000.0
Rohan,,IT,Bachelor,8.0,60000.0
Rohan,,HR,Master,22.0,103000.0
Kunal,,HR,Bachelor,,
Simran,31.0,Finance,PhD,,
Neha,,Management,Master,,
Anjali,,HR,PhD,1.0,70500.0
Isha,,Finance,PhD,22.0,127000.0
Nikhil,,Marketing,Bachelor,,
Nikhil,26.0,HR,PhD,,
Rohan,38.0,Management,PhD,1.0,82500.0
Rohan,,Management,Master,14.0,95000.0
Vikram,30.0,Marketing,PhD,,
Isha,,IT,PhD,7.0,92500.0
Anjali,30.0,IT,PhD,12.0,105000.0
Pooja,,HR,Bachelor,19.0,80500.0
Ritu,,IT,PhD,7.0,92500.0
Arjun,,Finance,PhD,28.0,142000.0
Neha,53.0,Finance,Master,26.0,117000.0
Nikhil,,HR,PhD,,
Sneha,22.0,Marketing,PhD,2.0,75000.0
Aarav,,IT,Bachelor,23.0,97500.0
Sahil,,IT,PhD,,
Arjun,,IT,PhD,,
Arjun,,IT,Bachelor,6.0,55000.0
Diya,,Marketing,PhD,,
Rohan,55.0,Finance,PhD,,
Neha,38.0,Marketing,Bachelor,21.0,87500.0
Pooja,49.0,HR,PhD,7.0,85500.0
Kavya,35.0,Finance,Master,,
Rohan,,Finance,Bachelor,7.0,54500.0
Isha,,Finance,Master,,
Anjali,31.0,Management,Master,,
Kavya,,Management,Master,15.0,97500.0
Diya,,HR,Master,26.0,113000.0
Diya,53.0,IT,Bachelor,,
Rohan,35.0,IT,Master,,
Pooja,47.0,Management,PhD,21.0,132500.0
Kavya,39.0,Management,Bachelor,,
Neha,44.0,HR,Bachelor,,
Rohan,34.0,Management,PhD,14.0,115000.0
Anjali,30.0,Finance,Master,,
Pooja,41.0,HR,PhD,,
Raj,39.0,Marketing,PhD,,
Sneha,41.0,Finance,PhD,24.0,132000.0
Meera,50.0,IT,Master,,
Rohan,,Management,Bachelor,,
Sahil,,Finance,Master,,
Diya,,Management,PhD,,
Aarav,27.0,HR,PhD,30.0,143000.0
Sahil,,Finance,Bachelor,,
Vikram,28.0,Marketing,Master,6.0,65000.0
Ritu,,IT,Master,,
Aarav,54.0,Finance,Bachelor,,
Isha,,HR,Bachelor,5.0,45500.0
Anjali,,IT,PhD,,
Aarav,,Marketing,Bachelor,1.0,37500.0
Diya,49.0,Marketing,Master,8.0,70000.0
Sneha,34.0,Management,Bachelor,,
Kunal,49.0,HR,Master,20.0,98000.0
Diya,,IT,Bachelor,,
Amit,,IT,Bachelor,,
Meera,,HR,PhD,,
Simran,29.0,Finance,Master,,
Isha,,HR,Bachelor,4.0,43000.0
Arjun,,Management,Bachelor,12.0,75000.0
Sneha,33.0,Marketing,Bachelor,23.0,92500.0
Nikhil,30.0,Management,Master,29.0,132500.0
Meera,,Marketing,Bachelor,9.0,57500.0
Isha,,Management,Master,,
Diya,,IT,Bachelor,,
Kunal,53.0,Finance,Bachelor,,
Neha,,HR,Master,2.0,53000.0
Meera,,Marketing,Master,2.0,55000.0
Amit,44.0,HR,Bachelor,,
Meera,,IT,Bachelor,,
Dev,,Finance,Bachelor,,
Arjun,,Management,Master,,
Dev,,Marketing,PhD,0.0,70000.0
Meera,,IT,Bachelor,,
Amit,39.0,Marketing,PhD,13.0,102500.0
Dev,31.0,Finance,PhD,,
Isha,39.0,Finance,Master,,
Simran,52.0,IT,Master,,
Raj,,Management,Master,,
Simran,,HR,Bachelor,,
Sneha,,Marketing,Master,25.0,112500.0
Sahil,45.0,Marketing,Bachelor,17.0,77500.0
Diya,,IT,Master,4.0,65000.0
Arjun,,Management,Bachelor,,
Aarav,38.0,Finance,Master,,
Raj,55.0,Marketing,Master,6.0,65000.0
Anjali,,Finance,Bachelor,28.0,107000.0
Isha,,Finance,PhD,25.0,134500.0
Aarav,45.0,Management,Bachelor,11.0,72500.0
Sahil,55.0,HR,PhD,,
Ritu,32.0,Finance,Master,9.0,74500.0
Nikhil,24.0,Finance,Master,,
Pooja,51.0,Marketing,Bachelor,,
Kavya,54.0,HR,Bachelor,12.0,63000.0
Simran,55.0,Marketing,Bachelor,4.0,45000.0
Nikhil,,Management,Bachelor,8.0,65000.0
Pooja,52.0,HR,Master,,
Anjali,36.0,HR,Master,7.0,65500.0
Kunal,,Marketing,PhD,,
Diya,,Management,PhD,15.0,117500.0
Amit,45.0,Finance,Bachelor,12.0,67000.0
Rohan,41.0,Finance,Bachelor,,
Nikhil,,Finance,Bachelor,,
Amit,55.0,Finance,Master,,
Rohan,,Management,Master,5.0,72500.0
Ritu,49.0,HR,Bachelor,27.0,100500.0
Vikram,54.0,IT,PhD,27.0,142500.0
Vikram,43.0,HR,Master,11.0,75500.0
Kunal,,Finance,Master,19.0,99500.0
Amit,,Management,PhD,28.0,150000.0
Meera,,Finance,Bachelor,29.0,109500.0
Sahil,26.0,Marketing,PhD,25.0,132500.0
Neha,,Finance,Master,,
Meera,,Marketing,Bachelor,24.0,95000.0
Dev,,Finance,Master,,
Isha,48.0,Finance,PhD,17.0,114500.0
Meera,25.0,Marketing,PhD,,
Diya,,HR,Bachelor,,
Ritu,,Finance,Master,8.0,72000.0
Kunal,35.0,Marketing,PhD,3.0,
Arjun,,Finance,Master,3.0,59500.0
Vikram,22.0,Marketing,Bachelor,,
Nikhil,42.0,HR,Bachelor,6.0,48000.0
Kunal,,Management,Bachelor,,
Anjali,,Management,Bachelor,,
Neha,,Finance,Master,22.0,107000.0
Nikhil,,HR,Master,,
Dev,,Marketing,Bachelor,6.0,50000.0
Amit,51.0,Finance,Bachelor,,
Simran,50.0,HR,Bachelor,,
Sneha,28.0,HR,PhD,,
Raj,,Marketing,Master,13.0,82500.0
Arjun,42.0,Management,Master,,
Diya,30.0,Finance,Bachelor,4.0,
Isha,38.0,IT,PhD,28.0,145000.0
Vikram,32.0,Marketing,Master,,
Aarav,,IT,Master,30.0,
Sahil,32.0,Finance,Bachelor,7.0,54500.0
Dev,,Finance,Master,15.0,
Meera,50.0,Marketing,PhD,9.0,92500.0
Sneha,29.0,Management,Master,,
Raj,23.0,Management,Bachelor,,
Simran,,IT,PhD,25.0,137500.0
Neha,,HR,PhD,30.0,143000.0
Amit,,Management,Master,,
Anjali,32.0,IT,Bachelor,21.0,92500.0
Rohan,25.0,HR,Master,,
Dev,49.0,Management,Bachelor,,
